id,name,model_id:id,group_id:id,perm_read,perm_write,perm_create,perm_unlink
access_barbershop_shop_user,barbershop.shop.user,model_barbershop_shop,group_barbershop_user,1,0,0,0
access_barbershop_shop_manager,barbershop.shop.manager,model_barbershop_shop,group_barbershop_manager,1,1,1,1
access_barbershop_chair_user,barbershop.chair.user,model_barbershop_chair,group_barbershop_user,1,0,0,0
access_barbershop_chair_manager,barbershop.chair.manager,model_barbershop_chair,group_barbershop_manager,1,1,1,1
access_barbershop_barber_user,barbershop.barber.user,model_barbershop_barber,group_barbershop_user,1,0,0,0
access_barbershop_barber_manager,barbershop.barber.manager,model_barbershop_barber,group_barbershop_manager,1,1,1,1
access_barbershop_service_user,barbershop.service.user,model_barbershop_service,group_barbershop_user,1,0,0,0
access_barbershop_service_manager,barbershop.service.manager,model_barbershop_service,group_barbershop_manager,1,1,1,1
access_barbershop_payment_method_user,barbershop.payment.method.user,model_barbershop_payment_method,group_barbershop_user,1,0,0,0
access_barbershop_payment_method_manager,barbershop.payment.method.manager,model_barbershop_payment_method,group_barbershop_manager,1,1,1,1
access_barbershop_order_user,barbershop.order.user,model_barbershop_order,group_barbershop_user,1,1,1,0
access_barbershop_order_manager,barbershop.order.manager,model_barbershop_order,group_barbershop_manager,1,1,1,1
access_barbershop_order_line_user,barbershop.order.line.user,model_barbershop_order_line,group_barbershop_user,1,1,1,1
access_barbershop_order_line_manager,barbershop.order.line.manager,model_barbershop_order_line,group_barbershop_manager,1,1,1,1
access_barbershop_shop_barber,barbershop.shop.barber,model_barbershop_shop,group_barbershop_barber,1,0,0,0
access_barbershop_chair_barber,barbershop.chair.barber,model_barbershop_chair,group_barbershop_barber,1,0,0,0
access_barbershop_barber_barber,barbershop.barber.barber,model_barbershop_barber,group_barbershop_barber,1,0,0,0
access_barbershop_service_barber,barbershop.service.barber,model_barbershop_service,group_barbershop_barber,1,0,0,0
access_barbershop_payment_method_barber,barbershop.payment.method.barber,model_barbershop_payment_method,group_barbershop_barber,1,0,0,0
access_barbershop_order_barber,barbershop.order.barber,model_barbershop_order,group_barbershop_barber,1,1,1,0
access_barbershop_order_line_barber,barbershop.order.line.barber,model_barbershop_order_line,group_barbershop_barber,1,1,1,1
